Time[s],Channel_rx_in
0.000000,1
0.000450,1
0.000450,0
0.000900,0
0.000900,1
0.001350,1
0.001350,0
0.001800,0
0.001800,0
0.002250,0
0.002250,1
0.002700,1
0.002700,1
0.003150,1
0.003150,0
0.003600,0
0.003600,0
0.004050,0
0.004050,1
0.004500,1
0.004500,1
0.004950,1
0.004950,0
0.005400,0
0.005400,0
0.005850,0
0.005850,1
0.006300,1
0.006300,1
0.006750,1
0.006750,0
0.007200,0
0.007200,0
0.007650,0
0.007650,1
0.008100,1
0.008100,1
0.008550,1
0.008550,0
0.009000,0
0.009000,0
0.009450,0
0.009450,1
0.009900,1
0.009900,1
0.010350,1
0.010350,0
0.010800,0
0.010800,0
0.011250,0
0.011250,1
0.011700,1
0.011700,1
0.012150,1
0.012150,0
0.012600,0
0.012600,0
0.013050,0
0.013050,1
0.013500,1
0.013500,1
0.013950,1
0.013950,0
0.014400,0
0.014400,0
0.014850,0
0.014850,1
0.015300,1
0.015300,1
0.015750,1
0.015750,0
0.016200,0
0.016200,0
0.016650,0
0.016650,1
0.017100,1
0.017100,1
0.017550,1
0.017550,0
0.018000,0
0.018000,0
0.018450,0
0.018450,1
0.018900,1
0.018900,1
0.019350,1
0.019350,0
0.019800,0
0.019800,0
0.020250,0
0.020250,1
0.020700,1
0.020700,1
0.021150,1
0.021150,0
0.021600,0
0.021600,0
0.022050,0
0.022050,1
0.022500,1
0.022500,1
0.022950,1
0.022950,0
0.023400,0
0.023400,0
0.023850,0
0.023850,1
0.024300,1
0.024300,1
0.024750,1
0.024750,0
0.025200,0
0.025200,0
0.025650,0
0.025650,1
0.026100,1
0.026100,1
0.026550,1
0.026550,0
0.027000,0
0.027000,0
0.027450,0
0.027450,1
0.027900,1
0.027900,1
0.028350,1
0.028350,0
0.028800,0
0.028800,0
0.029250,0
0.029250,1
0.029700,1
0.029700,1
0.030150,1
0.030150,0
0.030600,0
0.030600,0
0.031050,0
0.031050,1
0.031500,1
0.031500,1
0.031950,1
0.031950,0
0.032400,0
0.032400,0
0.032850,0
0.032850,1
0.033300,1
0.033300,1
0.033750,1
0.033750,0
0.034200,0
0.034200,0
0.034650,0
0.034650,1
0.035100,1
0.035100,1
0.035550,1
0.035550,0
0.036000,0
0.036000,0
0.036450,0
0.036450,1
0.036900,1
0.036900,1
0.037350,1
0.037350,0
0.037800,0
0.037800,0
0.038250,0
0.038250,1
0.038700,1
0.038700,1
0.039150,1
0.039150,0
0.039600,0
0.039600,0
0.040050,0
0.040050,1
0.040500,1
0.040500,1
0.040950,1
0.040950,0
0.041400,0
0.041400,0
0.041850,0
0.041850,1
0.042300,1
0.042300,1
0.042750,1
0.042750,0
0.043200,0
0.043200,0
0.043650,0
0.043650,1
0.044100,1
0.044100,1
0.044550,1
0.044550,0
0.045000,0
0.045000,0
0.045450,0
0.045450,1
0.045900,1
0.045900,1
0.046350,1
0.046350,0
0.046800,0
0.046800,0
0.047250,0
0.047250,1
0.047700,1
0.047700,1
0.048150,1
0.048150,0
0.048600,0
0.048600,0
0.049050,0
0.049050,1
0.049500,1
0.049500,1
0.049950,1
0.049950,0
0.050400,0
0.050400,0
0.050850,0
0.050850,1
0.051300,1
0.051300,1
0.051750,1
0.051750,0
0.052200,0
0.052200,0
0.052650,0
0.052650,1
0.053100,1
0.053100,1
0.053550,1
0.053550,0
0.054000,0
0.054000,0
0.054450,0
0.054450,1
0.054900,1
0.054900,1
0.055350,1
0.055350,0
0.055800,0
0.055800,0
0.056250,0
0.056250,1
0.056700,1
0.056700,1
0.057150,1
0.057150,0
0.057600,0
0.057600,0
0.058050,0
0.058050,1
0.058500,1
0.058500,1
0.058950,1
0.058950,0
0.059400,0
0.059400,1
0.059850,1
0.059850,0
0.060300,0
0.060300,0
0.060750,0
0.060750,1
0.061200,1
0.061200,1
0.061650,1
0.061650,0
0.062100,0
0.062100,0
0.062550,0
0.062550,1
0.063000,1
0.063000,0
0.063450,0
0.063450,1
0.063900,1
0.063900,1
0.064350,1
0.064350,0
0.064800,0
0.064800,1
0.065250,1
0.065250,0
0.065700,0
0.065700,1
0.066150,1
0.066150,0
0.066600,0
0.066600,0
0.067050,0
0.067050,1
0.067500,1
0.067500,0
0.067950,0
0.067950,1
0.068400,1
0.068400,1
0.068850,1
0.068850,0
0.069300,0
0.069300,0
0.069750,0
0.069750,1
0.070200,1
0.070200,0
0.070650,0
0.070650,1
0.071100,1
0.071100,0
0.071550,0
0.071550,1
0.072000,1
0.072000,1
0.072450,1
0.072450,0
0.072900,0
0.072900,1
0.073350,1
0.073350,0
0.073800,0
0.073800,1
0.074250,1
0.074250,0
0.074700,0
0.074700,0
0.075150,0
0.075150,1
0.075600,1
0.075600,1
0.076050,1
0.076050,0
0.076500,0
0.076500,0
0.076950,0
0.076950,1
0.077400,1
0.077400,0
0.077850,0
0.077850,1
0.078300,1
0.078300,1
0.078750,1
0.078750,0
0.079200,0
0.079200,1
0.079650,1
0.079650,0
0.080100,0
0.080100,1
0.080550,1
0.080550,0
0.081000,0
0.081000,0
0.081450,0
0.081450,1
0.081900,1
0.081900,0
0.082350,0
0.082350,1
0.082800,1
0.082800,1
0.083250,1
0.083250,0
0.083700,0
0.083700,0
0.084150,0
0.084150,1
0.084600,1
0.084600,0
0.085050,0
0.085050,1
0.085500,1
0.085500,0
0.085950,0
0.085950,1
0.086400,1
0.086400,1
0.086850,1
0.086850,0
0.087300,0
0.087300,0
0.087750,0
0.087750,1
0.088200,1
0.088200,0
0.088650,0
0.088650,1
0.089100,1
0.089100,0
0.089550,0
0.089550,1
0.090000,1
0.090000,0
0.090450,0
0.090450,1
0.090900,1
0.090900,1
0.091350,1
0.091350,0
0.091800,0
0.091800,1
0.092250,1
0.092250,0
0.092700,0
0.092700,0
0.093150,0
0.093150,1
0.093600,1
0.093600,1
0.094050,1
0.094050,0
0.094500,0
0.094500,1
0.094950,1
0.094950,0
0.095400,0
0.095400,1
0.095850,1
0.095850,0
0.096300,0
0.096300,1
0.096750,1
0.096750,0
0.097200,0
0.097200,1
0.097650,1
0.097650,0
0.098100,0
0.098100,1
0.098550,1
0.098550,0
0.099000,0
0.099000,1
0.099450,1
0.099450,0
0.099900,0
0.099900,1
0.100350,1
0.100350,0
0.100800,0
0.100800,1
0.101250,1
0.101250,0
0.101700,0
0.101700,1
0.102150,1
0.102150,0
0.102600,0
0.102600,1
0.103050,1
0.103050,0
0.103500,0
0.103500,1
0.103950,1
0.103950,0
0.104400,0
0.104400,1
0.104850,1
0.104850,0
0.105300,0
0.105300,1
0.105750,1
0.105750,0
0.106200,0
0.106200,1
0.106650,1
0.106650,0
0.107100,0
0.107100,1
0.107550,1
0.107550,0
0.108000,0
0.108000,1
0.108450,1
0.108450,0
0.108900,0
0.108900,1
0.109350,1
0.109350,0
0.109800,0
0.109800,1
0.110250,1
0.110250,0
0.110700,0
0.110700,1
0.111150,1
0.111150,0
0.111600,0
0.111600,1
0.112050,1
0.112050,0
0.112500,0
0.112500,1
0.112950,1
0.112950,0
0.113400,0
0.113400,1
0.113850,1
0.113850,0
0.114300,0
0.114300,1
0.114750,1
0.114750,0
0.115200,0
0.115200,0
0.115650,0
0.115650,1
0.116100,1
0.116100,0
0.116550,0
0.116550,1
0.117000,1
0.117000,0
0.117450,0
0.117450,1
0.117900,1
0.117900,0
0.118350,0
0.118350,1
0.118800,1
0.118800,1
0.119250,1
0.119250,0
0.119700,0
0.119700,0
0.120150,0
0.120150,1
0.120600,1
0.120600,0
0.121050,0
0.121050,1
0.121500,1
0.121500,1
0.121950,1
0.121950,0
0.122400,0
0.122400,0
0.122850,0
0.122850,1
0.123300,1
0.123300,0
0.123750,0
0.123750,1
0.124200,1
0.124200,0
0.124650,0
0.124650,1
0.125100,1
0.125100,1
0.125550,1
0.125550,0
0.126000,0
0.126000,1
0.126450,1
0.126450,0
0.126900,0
0.126900,0
0.127350,0
0.127350,1
0.127800,1
0.127800,1
0.128250,1
0.128250,0
0.128700,0
0.128700,0
0.129150,0
0.129150,1
0.129600,1
0.129600,0
0.130050,0
0.130050,1
0.130500,1
0.130500,0
0.130950,0
0.130950,1
0.131400,1
0.131400,1
0.131850,1
0.131850,0
0.132300,0
0.132300,0
0.132750,0
0.132750,1
0.133200,1
0.133200,1
0.133650,1
0.133650,0
0.134100,0
0.134100,0
0.134550,0
0.134550,1
0.135000,1
0.135000,1
0.135450,1
0.135450,0
0.135900,0
0.135900,1
0.136350,1
0.136350,0
0.136800,0
0.136800,0
0.137250,0
0.137250,1
0.137700,1
0.137700,0
0.138150,0
0.138150,1
0.138600,1
0.138600,1
0.139050,1
0.139050,0
0.139500,0
0.139500,1
0.139950,1
0.139950,0
0.140400,0
0.140400,1
0.140850,1
0.140850,0
0.141300,0
0.141300,1
0.141750,1
0.141750,0
0.142200,0
0.142200,0
0.142650,0
0.142650,1
0.143100,1
0.143100,0
0.143550,0
0.143550,1
0.144000,1
0.144000,0
0.144450,0
0.144450,1
0.144900,1
0.144900,0
0.145350,0
0.145350,1
0.145800,1
0.145800,0
0.146250,0
0.146250,1
0.146700,1
0.146700,0
0.147150,0
0.147150,1
0.147600,1
0.147600,0
0.148050,0
0.148050,1
0.148500,1
0.148500,0
0.148950,0
0.148950,1
0.149400,1
0.149400,0
0.149850,0
0.149850,1
0.150300,1
0.150300,0
0.150750,0
0.150750,1
0.151200,1
0.151200,0
0.151650,0
0.151650,1
0.152100,1
0.152100,0
0.152550,0
0.152550,1
0.153000,1
0.153000,0
0.153450,0
0.153450,1
0.153900,1
0.153900,0
0.154350,0
0.154350,1
0.154800,1
0.154800,1
0.155250,1
0.155250,0
0.155700,0
0.155700,0
0.156150,0
0.156150,1
0.156600,1
0.156600,1
0.157050,1
0.157050,0
0.157500,0
0.157500,0
0.157950,0
0.157950,1
0.158400,1
0.158400,1
0.158850,1
0.158850,0
0.159300,0
0.159300,0
0.159750,0
0.159750,1
0.160200,1
0.160200,0
0.160650,0
0.160650,1
0.161100,1
0.161100,0
0.161550,0
0.161550,1
0.162000,1
0.162000,0
0.162450,0
0.162450,1
0.162900,1
0.162900,0
0.163350,0
0.163350,1
0.163800,1
0.163800,0
0.164250,0
0.164250,1
0.164700,1
0.164700,0
0.165150,0
0.165150,1
0.165600,1
0.165600,0
0.166050,0
0.166050,1
0.166500,1
0.166500,0
0.166950,0
0.166950,1
0.167400,1
0.167400,0
0.167850,0
0.167850,1
0.168300,1
0.168300,0
0.168750,0
0.168750,1
0.169200,1
0.169200,1
0.169650,1
0.169650,0
0.170100,0
0.170100,1
0.170550,1
0.170550,0
0.171000,0
0.171000,0
0.171450,0
0.171450,1
0.171900,1
0.171900,0
0.172350,0
0.172350,1
0.172800,1
0.172800,0
0.173250,0
0.173250,1
0.173700,1
0.173700,0
0.174150,0
0.174150,1
0.174600,1
0.174600,0
0.175050,0
0.175050,1
0.175500,1
0.175500,0
0.175950,0
0.175950,1
0.176400,1
0.176400,0
0.176850,0
0.176850,1
0.177300,1
0.177300,0
0.177750,0
0.177750,1
0.178200,1
0.178200,0
0.178650,0
0.178650,1
0.179100,1
0.179100,0
0.179550,0
0.179550,1
0.180000,1
0.180000,1
0.180450,1
0.180450,0
0.180900,0
0.180900,0
0.181350,0
0.181350,1
0.181800,1
0.181800,0
0.182250,0
0.182250,1
0.182700,1
0.182700,0
0.183150,0
0.183150,1
0.183600,1
0.183600,0
0.184050,0
0.184050,1
0.184500,1
0.184500,0
0.184950,0
0.184950,1
0.185400,1
0.185400,0
0.185850,0
0.185850,1
0.186300,1
0.186300,0
0.186750,0
0.186750,1
0.187200,1
0.187200,0
0.187650,0
0.187650,1
0.188100,1
0.188100,0
0.188550,0
0.188550,1
0.189000,1
0.189000,0
0.189450,0
0.189450,1
0.189900,1
0.189900,0
0.190350,0
0.190350,1
0.190800,1
0.190800,0
0.191250,0
0.191250,1
0.191700,1
0.191700,0
0.192150,0
0.192150,1
0.192600,1
0.192600,0
0.193050,0
0.193050,1
0.193500,1
0.193500,0
0.193950,0
0.193950,1
0.194400,1
0.194400,0
0.194850,0
0.194850,1
0.195300,1
0.195300,0
0.195750,0
0.195750,1
0.196200,1
0.196200,0
0.196650,0
0.196650,1
0.197100,1
0.197100,0
0.197550,0
0.197550,1
0.198000,1
0.198000,0
0.198450,0
0.198450,1
0.198900,1
0.198900,0
0.199350,0
0.199350,1
0.199800,1
0.199800,0
0.200250,0
0.200250,1
0.200700,1
0.200700,0
0.201150,0
0.201150,1
0.201600,1
0.201600,0
0.202050,0
0.202050,1
0.202500,1
0.202500,0
0.205700,0
